Kanal;   Energie(keV); Impulse
       1;     1.0000;            0   
       2;     2.0000;            0   
       3;     3.0000;            0   
       4;     4.0000;            0   
       5;     5.0000;            0   
       6;     6.0000;            0   
       7;     7.0000;            0   
       8;     8.0000;            0   
       9;     9.0000;            0   
      10;    10.0000;            0   
      11;    11.0000;            0   
      12;    12.0000;            0   
      13;    13.0000;           33   
      14;    14.0000;           46   
      15;    15.0000;           35   
      16;    16.0000;           40   
      17;    17.0000;           23   
      18;    18.0000;           43   
      19;    19.0000;           19   
      20;    20.0000;           22   
      21;    21.0000;           36   
      22;    22.0000;           22   
      23;    23.0000;           24   
      24;    24.0000;           17   
      25;    25.0000;           17   
      26;    26.0000;           14   
      27;    27.0000;           17   
      28;    28.0000;           15   
      29;    29.0000;           20   
      30;    30.0000;           26   
      31;    31.0000;           26   
      32;    32.0000;           17   
      33;    33.0000;           19   
      34;    34.0000;           21   
      35;    35.0000;           15   
      36;    36.0000;           20   
      37;    37.0000;           18   
      38;    38.0000;           17   
      39;    39.0000;           18   
      40;    40.0000;           18   
      41;    41.0000;           16   
      42;    42.0000;           19   
      43;    43.0000;           13   
      44;    44.0000;           12   
      45;    45.0000;           16   
      46;    46.0000;           11   
      47;    47.0000;           15   
      48;    48.0000;           19   
      49;    49.0000;            7   
      50;    50.0000;           16   
      51;    51.0000;           20   
      52;    52.0000;           18   
      53;    53.0000;           18   
      54;    54.0000;           18   
      55;    55.0000;           13   
      56;    56.0000;            8   
      57;    57.0000;           18   
      58;    58.0000;           14   
      59;    59.0000;           13   
      60;    60.0000;           14   
      61;    61.0000;           16   
      62;    62.0000;           10   
      63;    63.0000;           11   
      64;    64.0000;           28   
      65;    65.0000;           16   
      66;    66.0000;           14   
      67;    67.0000;           12   
      68;    68.0000;           20   
      69;    69.0000;           14   
      70;    70.0000;           33   
      71;    71.0000;           14   
      72;    72.0000;           16   
      73;    73.0000;           11   
      74;    74.0000;           13   
      75;    75.0000;           13   
      76;    76.0000;           19   
      77;    77.0000;           24   
      78;    78.0000;           19   
      79;    79.0000;            7   
      80;    80.0000;           15   
      81;    81.0000;           12   
      82;    82.0000;           15   
      83;    83.0000;           18   
      84;    84.0000;           21   
      85;    85.0000;           12   
      86;    86.0000;           17   
      87;    87.0000;           14   
      88;    88.0000;            8   
      89;    89.0000;            5   
      90;    90.0000;           13   
      91;    91.0000;           12   
      92;    92.0000;           13   
      93;    93.0000;           14   
      94;    94.0000;           19   
      95;    95.0000;           12   
      96;    96.0000;           15   
      97;    97.0000;           18   
      98;    98.0000;           23   
      99;    99.0000;           12   
     100;   100.0000;           19   
     101;   101.0000;           15   
     102;   102.0000;           21   
     103;   103.0000;           18   
     104;   104.0000;           13   
     105;   105.0000;           18   
     106;   106.0000;           11   
     107;   107.0000;           14   
     108;   108.0000;           20   
     109;   109.0000;           15   
     110;   110.0000;           18   
     111;   111.0000;           24   
     112;   112.0000;           15   
     113;   113.0000;           15   
     114;   114.0000;           20   
     115;   115.0000;           21   
     116;   116.0000;           14   
     117;   117.0000;           15   
     118;   118.0000;           23   
     119;   119.0000;           22   
     120;   120.0000;           18   
     121;   121.0000;           19   
     122;   122.0000;           17   
     123;   123.0000;           19   
     124;   124.0000;           19   
     125;   125.0000;           25   
     126;   126.0000;           18   
     127;   127.0000;           17   
     128;   128.0000;           22   
     129;   129.0000;           16   
     130;   130.0000;           19   
     131;   131.0000;           18   
     132;   132.0000;           26   
     133;   133.0000;           10   
     134;   134.0000;           16   
     135;   135.0000;           23   
     136;   136.0000;           18   
     137;   137.0000;           25   
     138;   138.0000;           24   
     139;   139.0000;           17   
     140;   140.0000;           19   
     141;   141.0000;           21   
     142;   142.0000;           22   
     143;   143.0000;           19   
     144;   144.0000;           16   
     145;   145.0000;           15   
     146;   146.0000;           15   
     147;   147.0000;           24   
     148;   148.0000;           24   
     149;   149.0000;           26   
     150;   150.0000;           14   
     151;   151.0000;           19   
     152;   152.0000;           25   
     153;   153.0000;           20   
     154;   154.0000;           16   
     155;   155.0000;           18   
     156;   156.0000;           22   
     157;   157.0000;           27   
     158;   158.0000;           31   
     159;   159.0000;           22   
     160;   160.0000;           18   
     161;   161.0000;           16   
     162;   162.0000;           23   
     163;   163.0000;           27   
     164;   164.0000;           20   
     165;   165.0000;           19   
     166;   166.0000;           14   
     167;   167.0000;           15   
     168;   168.0000;           22   
     169;   169.0000;           23   
     170;   170.0000;           17   
     171;   171.0000;           21   
     172;   172.0000;           24   
     173;   173.0000;           16   
     174;   174.0000;           27   
     175;   175.0000;           24   
     176;   176.0000;           28   
     177;   177.0000;           17   
     178;   178.0000;           34   
     179;   179.0000;           20   
     180;   180.0000;           22   
     181;   181.0000;           22   
     182;   182.0000;           24   
     183;   183.0000;           21   
     184;   184.0000;           32   
     185;   185.0000;           30   
     186;   186.0000;           22   
     187;   187.0000;           24   
     188;   188.0000;           27   
     189;   189.0000;           14   
     190;   190.0000;           21   
     191;   191.0000;           31   
     192;   192.0000;           25   
     193;   193.0000;           27   
     194;   194.0000;           28   
     195;   195.0000;           26   
     196;   196.0000;           24   
     197;   197.0000;           26   
     198;   198.0000;           30   
     199;   199.0000;           20   
     200;   200.0000;           29   
     201;   201.0000;           33   
     202;   202.0000;           31   
     203;   203.0000;           29   
     204;   204.0000;           21   
     205;   205.0000;           30   
     206;   206.0000;           15   
     207;   207.0000;           20   
     208;   208.0000;           27   
     209;   209.0000;           22   
     210;   210.0000;           32   
     211;   211.0000;           30   
     212;   212.0000;           24   
     213;   213.0000;           38   
     214;   214.0000;           25   
     215;   215.0000;           21   
     216;   216.0000;           32   
     217;   217.0000;           33   
     218;   218.0000;           24   
     219;   219.0000;           28   
     220;   220.0000;           36   
     221;   221.0000;           28   
     222;   222.0000;           17   
     223;   223.0000;           29   
     224;   224.0000;           38   
     225;   225.0000;           31   
     226;   226.0000;           27   
     227;   227.0000;           34   
     228;   228.0000;           29   
     229;   229.0000;           26   
     230;   230.0000;           31   
     231;   231.0000;           27   
     232;   232.0000;           28   
     233;   233.0000;           35   
     234;   234.0000;           34   
     235;   235.0000;           31   
     236;   236.0000;           31   
     237;   237.0000;           31   
     238;   238.0000;           34   
     239;   239.0000;           41   
     240;   240.0000;           33   
     241;   241.0000;           36   
     242;   242.0000;           30   
     243;   243.0000;           30   
     244;   244.0000;           32   
     245;   245.0000;           42   
     246;   246.0000;           40   
     247;   247.0000;           34   
     248;   248.0000;           33   
     249;   249.0000;           35   
     250;   250.0000;           29   
     251;   251.0000;           28   
     252;   252.0000;           31   
     253;   253.0000;           43   
     254;   254.0000;           34   
     255;   255.0000;           40   
     256;   256.0000;           36   
     257;   257.0000;           26   
     258;   258.0000;           37   
     259;   259.0000;           34   
     260;   260.0000;           37   
     261;   261.0000;           35   
     262;   262.0000;           45   
     263;   263.0000;           22   
     264;   264.0000;           36   
     265;   265.0000;           35   
     266;   266.0000;           37   
     267;   267.0000;           32   
     268;   268.0000;           47   
     269;   269.0000;           38   
     270;   270.0000;           31   
     271;   271.0000;           33   
     272;   272.0000;           35   
     273;   273.0000;           41   
     274;   274.0000;           33   
     275;   275.0000;           49   
     276;   276.0000;           41   
     277;   277.0000;           35   
     278;   278.0000;           43   
     279;   279.0000;           39   
     280;   280.0000;           45   
     281;   281.0000;           41   
     282;   282.0000;           35   
     283;   283.0000;           42   
     284;   284.0000;           41   
     285;   285.0000;           49   
     286;   286.0000;           42   
     287;   287.0000;           55   
     288;   288.0000;           43   
     289;   289.0000;           49   
     290;   290.0000;           50   
     291;   291.0000;           52   
     292;   292.0000;           41   
     293;   293.0000;           55   
     294;   294.0000;           29   
     295;   295.0000;           47   
     296;   296.0000;           52   
     297;   297.0000;           49   
     298;   298.0000;           51   
     299;   299.0000;           50   
     300;   300.0000;           38   
     301;   301.0000;           43   
     302;   302.0000;           56   
     303;   303.0000;           52   
     304;   304.0000;           43   
     305;   305.0000;           46   
     306;   306.0000;           35   
     307;   307.0000;           35   
     308;   308.0000;           45   
     309;   309.0000;           55   
     310;   310.0000;           45   
     311;   311.0000;           43   
     312;   312.0000;           51   
     313;   313.0000;           54   
     314;   314.0000;           50   
     315;   315.0000;           58   
     316;   316.0000;           43   
     317;   317.0000;           50   
     318;   318.0000;           55   
     319;   319.0000;           49   
     320;   320.0000;           47   
     321;   321.0000;           38   
     322;   322.0000;           46   
     323;   323.0000;           39   
     324;   324.0000;           40   
     325;   325.0000;           38   
     326;   326.0000;           58   
     327;   327.0000;           45   
     328;   328.0000;           59   
     329;   329.0000;           61   
     330;   330.0000;           62   
     331;   331.0000;           63   
     332;   332.0000;           58   
     333;   333.0000;           48   
     334;   334.0000;           59   
     335;   335.0000;           44   
     336;   336.0000;           52   
     337;   337.0000;           62   
     338;   338.0000;           54   
     339;   339.0000;           43   
     340;   340.0000;           49   
     341;   341.0000;           63   
     342;   342.0000;           67   
     343;   343.0000;           51   
     344;   344.0000;           61   
     345;   345.0000;           59   
     346;   346.0000;           67   
     347;   347.0000;           60   
     348;   348.0000;           52   
     349;   349.0000;           42   
     350;   350.0000;           55   
     351;   351.0000;           68   
     352;   352.0000;           65   
     353;   353.0000;           77   
     354;   354.0000;           62   
     355;   355.0000;           53   
     356;   356.0000;           55   
     357;   357.0000;           59   
     358;   358.0000;           68   
     359;   359.0000;           65   
     360;   360.0000;           69   
     361;   361.0000;           62   
     362;   362.0000;           61   
     363;   363.0000;           52   
     364;   364.0000;           65   
     365;   365.0000;           63   
     366;   366.0000;           77   
     367;   367.0000;           65   
     368;   368.0000;           78   
     369;   369.0000;           67   
     370;   370.0000;           79   
     371;   371.0000;           68   
     372;   372.0000;           68   
     373;   373.0000;           69   
     374;   374.0000;           52   
     375;   375.0000;           63   
     376;   376.0000;           54   
     377;   377.0000;           69   
     378;   378.0000;           64   
     379;   379.0000;           64   
     380;   380.0000;           82   
     381;   381.0000;           79   
     382;   382.0000;           76   
     383;   383.0000;           79   
     384;   384.0000;           74   
     385;   385.0000;           58   
     386;   386.0000;           61   
     387;   387.0000;           80   
     388;   388.0000;           84   
     389;   389.0000;           79   
     390;   390.0000;           62   
     391;   391.0000;           94   
     392;   392.0000;           59   
     393;   393.0000;           75   
     394;   394.0000;           78   
     395;   395.0000;           73   
     396;   396.0000;           74   
     397;   397.0000;           71   
     398;   398.0000;           58   
     399;   399.0000;          106   
     400;   400.0000;           84   
     401;   401.0000;           80   
     402;   402.0000;           76   
     403;   403.0000;           97   
     404;   404.0000;           94   
     405;   405.0000;           60   
     406;   406.0000;           88   
     407;   407.0000;           81   
     408;   408.0000;           80   
     409;   409.0000;           76   
     410;   410.0000;          104   
     411;   411.0000;           81   
     412;   412.0000;           87   
     413;   413.0000;           76   
     414;   414.0000;           83   
     415;   415.0000;           96   
     416;   416.0000;           89   
     417;   417.0000;          104   
     418;   418.0000;           97   
     419;   419.0000;           92   
     420;   420.0000;           88   
     421;   421.0000;           68   
     422;   422.0000;           78   
     423;   423.0000;           99   
     424;   424.0000;           94   
     425;   425.0000;          111   
     426;   426.0000;          109   
     427;   427.0000;           90   
     428;   428.0000;          120   
     429;   429.0000;           94   
     430;   430.0000;          106   
     431;   431.0000;          109   
     432;   432.0000;           90   
     433;   433.0000;          105   
     434;   434.0000;          120   
     435;   435.0000;          108   
     436;   436.0000;           98   
     437;   437.0000;           96   
     438;   438.0000;          114   
     439;   439.0000;          101   
     440;   440.0000;          103   
     441;   441.0000;           98   
     442;   442.0000;          103   
     443;   443.0000;          109   
     444;   444.0000;          128   
     445;   445.0000;          110   
     446;   446.0000;          103   
     447;   447.0000;          121   
     448;   448.0000;          116   
     449;   449.0000;          118   
     450;   450.0000;          110   
     451;   451.0000;           97   
     452;   452.0000;          121   
     453;   453.0000;          111   
     454;   454.0000;          113   
     455;   455.0000;          112   
     456;   456.0000;          132   
     457;   457.0000;          125   
     458;   458.0000;          104   
     459;   459.0000;          121   
     460;   460.0000;          125   
     461;   461.0000;          139   
     462;   462.0000;          114   
     463;   463.0000;          113   
     464;   464.0000;          123   
     465;   465.0000;          127   
     466;   466.0000;          118   
     467;   467.0000;          119   
     468;   468.0000;          124   
     469;   469.0000;          140   
     470;   470.0000;          129   
     471;   471.0000;          139   
     472;   472.0000;          131   
     473;   473.0000;          139   
     474;   474.0000;          135   
     475;   475.0000;          136   
     476;   476.0000;          131   
     477;   477.0000;          153   
     478;   478.0000;          139   
     479;   479.0000;          136   
     480;   480.0000;          142   
     481;   481.0000;          145   
     482;   482.0000;          147   
     483;   483.0000;          121   
     484;   484.0000;          149   
     485;   485.0000;          125   
     486;   486.0000;          133   
     487;   487.0000;          143   
     488;   488.0000;          152   
     489;   489.0000;          143   
     490;   490.0000;          141   
     491;   491.0000;          155   
     492;   492.0000;          145   
     493;   493.0000;          135   
     494;   494.0000;          168   
     495;   495.0000;          145   
     496;   496.0000;          168   
     497;   497.0000;          149   
     498;   498.0000;          145   
     499;   499.0000;          153   
     500;   500.0000;          158   
     501;   501.0000;          152   
     502;   502.0000;          146   
     503;   503.0000;          166   
     504;   504.0000;          136   
     505;   505.0000;          191   
     506;   506.0000;          172   
     507;   507.0000;          169   
     508;   508.0000;          182   
     509;   509.0000;          148   
     510;   510.0000;          165   
     511;   511.0000;          165   
     512;   512.0000;          166   
     513;   513.0000;          173   
     514;   514.0000;          167   
     515;   515.0000;          180   
     516;   516.0000;          173   
     517;   517.0000;          152   
     518;   518.0000;          194   
     519;   519.0000;          183   
     520;   520.0000;          193   
     521;   521.0000;          178   
     522;   522.0000;          171   
     523;   523.0000;          174   
     524;   524.0000;          164   
     525;   525.0000;          202   
     526;   526.0000;          165   
     527;   527.0000;          174   
     528;   528.0000;          186   
     529;   529.0000;          190   
     530;   530.0000;          171   
     531;   531.0000;          174   
     532;   532.0000;          192   
     533;   533.0000;          180   
     534;   534.0000;          189   
     535;   535.0000;          184   
     536;   536.0000;          192   
     537;   537.0000;          191   
     538;   538.0000;          208   
     539;   539.0000;          205   
     540;   540.0000;          202   
     541;   541.0000;          180   
     542;   542.0000;          234   
     543;   543.0000;          204   
     544;   544.0000;          208   
     545;   545.0000;          210   
     546;   546.0000;          193   
     547;   547.0000;          180   
     548;   548.0000;          236   
     549;   549.0000;          177   
     550;   550.0000;          206   
     551;   551.0000;          213   
     552;   552.0000;          172   
     553;   553.0000;          210   
     554;   554.0000;          205   
     555;   555.0000;          191   
     556;   556.0000;          190   
     557;   557.0000;          212   
     558;   558.0000;          203   
     559;   559.0000;          219   
     560;   560.0000;          178   
     561;   561.0000;          214   
     562;   562.0000;          187   
     563;   563.0000;          240   
     564;   564.0000;          232   
     565;   565.0000;          207   
     566;   566.0000;          191   
     567;   567.0000;          191   
     568;   568.0000;          204   
     569;   569.0000;          190   
     570;   570.0000;          174   
     571;   571.0000;          200   
     572;   572.0000;          174   
     573;   573.0000;          181   
     574;   574.0000;          168   
     575;   575.0000;          170   
     576;   576.0000;          174   
     577;   577.0000;          184   
     578;   578.0000;          154   
     579;   579.0000;          145   
     580;   580.0000;          158   
     581;   581.0000;          172   
     582;   582.0000;          143   
     583;   583.0000;          122   
     584;   584.0000;          134   
     585;   585.0000;          144   
     586;   586.0000;          111   
     587;   587.0000;          118   
     588;   588.0000;          114   
     589;   589.0000;          114   
     590;   590.0000;          113   
     591;   591.0000;           91   
     592;   592.0000;           95   
     593;   593.0000;           98   
     594;   594.0000;           98   
     595;   595.0000;           71   
     596;   596.0000;           83   
     597;   597.0000;           71   
     598;   598.0000;           74   
     599;   599.0000;           56   
     600;   600.0000;           53   
     601;   601.0000;           50   
     602;   602.0000;           49   
     603;   603.0000;           47   
     604;   604.0000;           39   
     605;   605.0000;           33   
     606;   606.0000;           29   
     607;   607.0000;           24   
     608;   608.0000;           24   
     609;   609.0000;           33   
     610;   610.0000;           12   
     611;   611.0000;           22   
     612;   612.0000;           16   
     613;   613.0000;           15   
     614;   614.0000;           11   
     615;   615.0000;            8   
     616;   616.0000;            7   
     617;   617.0000;           11   
     618;   618.0000;           11   
     619;   619.0000;            8   
     620;   620.0000;           10   
     621;   621.0000;            8   
     622;   622.0000;            6   
     623;   623.0000;            5   
     624;   624.0000;            3   
     625;   625.0000;            3   
     626;   626.0000;            5   
     627;   627.0000;            7   
     628;   628.0000;            1   
     629;   629.0000;            1   
     630;   630.0000;            2   
     631;   631.0000;            3   
     632;   632.0000;            3   
     633;   633.0000;            3   
     634;   634.0000;            0   
     635;   635.0000;            2   
     636;   636.0000;            0   
     637;   637.0000;            0   
     638;   638.0000;            1   
     639;   639.0000;            1   
     640;   640.0000;            0   
     641;   641.0000;            0   
     642;   642.0000;            2   
     643;   643.0000;            0   
     644;   644.0000;            2   
     645;   645.0000;            1   
     646;   646.0000;            2   
     647;   647.0000;            0   
     648;   648.0000;            0   
     649;   649.0000;            0   
     650;   650.0000;            0   
     651;   651.0000;            0   
     652;   652.0000;            0   
     653;   653.0000;            0   
     654;   654.0000;            0   
     655;   655.0000;            0   
     656;   656.0000;            0   
     657;   657.0000;            0   
     658;   658.0000;            1   
     659;   659.0000;            0   
     660;   660.0000;            0   
     661;   661.0000;            0   
     662;   662.0000;            0   
     663;   663.0000;            1   
     664;   664.0000;            0   
     665;   665.0000;            0   
     666;   666.0000;            0   
     667;   667.0000;            0   
     668;   668.0000;            0   
     669;   669.0000;            0   
     670;   670.0000;            0   
     671;   671.0000;            0   
     672;   672.0000;            1   
     673;   673.0000;            0   
     674;   674.0000;            0   
     675;   675.0000;            0   
     676;   676.0000;            0   
     677;   677.0000;            0   
     678;   678.0000;            0   
     679;   679.0000;            0   
     680;   680.0000;            0   
     681;   681.0000;            0   
     682;   682.0000;            0   
     683;   683.0000;            0   
     684;   684.0000;            0   
     685;   685.0000;            0   
     686;   686.0000;            0   
     687;   687.0000;            0   
     688;   688.0000;            0   
     689;   689.0000;            0   
     690;   690.0000;            0   
     691;   691.0000;            0   
     692;   692.0000;            0   
     693;   693.0000;            0   
     694;   694.0000;            0   
     695;   695.0000;            0   
     696;   696.0000;            0   
     697;   697.0000;            0   
     698;   698.0000;            0   
     699;   699.0000;            0   
     700;   700.0000;            0   
     701;   701.0000;            0   
     702;   702.0000;            0   
     703;   703.0000;            0   
     704;   704.0000;            0   
     705;   705.0000;            0   
     706;   706.0000;            0   
     707;   707.0000;            0   
     708;   708.0000;            0   
     709;   709.0000;            0   
     710;   710.0000;            0   
     711;   711.0000;            0   
     712;   712.0000;            0   
     713;   713.0000;            0   
     714;   714.0000;            0   
     715;   715.0000;            0   
     716;   716.0000;            0   
     717;   717.0000;            0   
     718;   718.0000;            0   
     719;   719.0000;            0   
     720;   720.0000;            0   
     721;   721.0000;            0   
     722;   722.0000;            0   
     723;   723.0000;            0   
     724;   724.0000;            0   
     725;   725.0000;            0   
     726;   726.0000;            0   
     727;   727.0000;            0   
     728;   728.0000;            0   
     729;   729.0000;            0   
     730;   730.0000;            0   
     731;   731.0000;            0   
     732;   732.0000;            0   
     733;   733.0000;            0   
     734;   734.0000;            0   
     735;   735.0000;            0   
     736;   736.0000;            0   
     737;   737.0000;            0   
     738;   738.0000;            0   
     739;   739.0000;            0   
     740;   740.0000;            0   
     741;   741.0000;            0   
     742;   742.0000;            0   
     743;   743.0000;            0   
     744;   744.0000;            0   
     745;   745.0000;            0   
     746;   746.0000;            0   
     747;   747.0000;            0   
     748;   748.0000;            0   
     749;   749.0000;            0   
     750;   750.0000;            0   
     751;   751.0000;            0   
     752;   752.0000;            0   
     753;   753.0000;            0   
     754;   754.0000;            0   
     755;   755.0000;            0   
     756;   756.0000;            0   
     757;   757.0000;            0   
     758;   758.0000;            0   
     759;   759.0000;            0   
     760;   760.0000;            0   
     761;   761.0000;            0   
     762;   762.0000;            0   
     763;   763.0000;            0   
     764;   764.0000;            0   
     765;   765.0000;            0   
     766;   766.0000;            0   
     767;   767.0000;            0   
     768;   768.0000;            0   
     769;   769.0000;            0   
     770;   770.0000;            0   
     771;   771.0000;            0   
     772;   772.0000;            0   
     773;   773.0000;            0   
     774;   774.0000;            0   
     775;   775.0000;            0   
     776;   776.0000;            0   
     777;   777.0000;            0   
     778;   778.0000;            0   
     779;   779.0000;            1   
     780;   780.0000;            0   
     781;   781.0000;            0   
     782;   782.0000;            0   
     783;   783.0000;            0   
     784;   784.0000;            0   
     785;   785.0000;            0   
     786;   786.0000;            0   
     787;   787.0000;            0   
     788;   788.0000;            0   
     789;   789.0000;            0   
     790;   790.0000;            0   
     791;   791.0000;            0   
     792;   792.0000;            0   
     793;   793.0000;            0   
     794;   794.0000;            0   
     795;   795.0000;            0   
     796;   796.0000;            0   
     797;   797.0000;            0   
     798;   798.0000;            0   
     799;   799.0000;            0   
     800;   800.0000;            0   
     801;   801.0000;            0   
     802;   802.0000;            0   
     803;   803.0000;            0   
     804;   804.0000;            0   
     805;   805.0000;            0   
     806;   806.0000;            0   
     807;   807.0000;            0   
     808;   808.0000;            0   
     809;   809.0000;            1   
     810;   810.0000;            0   
     811;   811.0000;            0   
     812;   812.0000;            0   
     813;   813.0000;            0   
     814;   814.0000;            0   
     815;   815.0000;            0   
     816;   816.0000;            0   
     817;   817.0000;            0   
     818;   818.0000;            0   
     819;   819.0000;            0   
     820;   820.0000;            0   
     821;   821.0000;            0   
     822;   822.0000;            0   
     823;   823.0000;            0   
     824;   824.0000;            0   
     825;   825.0000;            0   
     826;   826.0000;            0   
     827;   827.0000;            0   
     828;   828.0000;            0   
     829;   829.0000;            0   
     830;   830.0000;            0   
     831;   831.0000;            0   
     832;   832.0000;            0   
     833;   833.0000;            0   
     834;   834.0000;            0   
     835;   835.0000;            0   
     836;   836.0000;            0   
     837;   837.0000;            0   
     838;   838.0000;            0   
     839;   839.0000;            0   
     840;   840.0000;            0   
     841;   841.0000;            0   
     842;   842.0000;            0   
     843;   843.0000;            0   
     844;   844.0000;            0   
     845;   845.0000;            0   
     846;   846.0000;            0   
     847;   847.0000;            0   
     848;   848.0000;            0   
     849;   849.0000;            0   
     850;   850.0000;            0   
     851;   851.0000;            0   
     852;   852.0000;            1   
     853;   853.0000;            0   
     854;   854.0000;            0   
     855;   855.0000;            0   
     856;   856.0000;            0   
     857;   857.0000;            0   
     858;   858.0000;            0   
     859;   859.0000;            0   
     860;   860.0000;            0   
     861;   861.0000;            0   
     862;   862.0000;            0   
     863;   863.0000;            0   
     864;   864.0000;            0   
     865;   865.0000;            0   
     866;   866.0000;            0   
     867;   867.0000;            0   
     868;   868.0000;            0   
     869;   869.0000;            0   
     870;   870.0000;            0   
     871;   871.0000;            0   
     872;   872.0000;            0   
     873;   873.0000;            0   
     874;   874.0000;            0   
     875;   875.0000;            0   
     876;   876.0000;            0   
     877;   877.0000;            0   
     878;   878.0000;            0   
     879;   879.0000;            1   
     880;   880.0000;            0   
     881;   881.0000;            0   
     882;   882.0000;            0   
     883;   883.0000;            0   
     884;   884.0000;            0   
     885;   885.0000;            0   
     886;   886.0000;            0   
     887;   887.0000;            0   
     888;   888.0000;            0   
     889;   889.0000;            0   
     890;   890.0000;            0   
     891;   891.0000;            0   
     892;   892.0000;            0   
     893;   893.0000;            0   
     894;   894.0000;            0   
     895;   895.0000;            0   
     896;   896.0000;            0   
     897;   897.0000;            0   
     898;   898.0000;            0   
     899;   899.0000;            0   
     900;   900.0000;            0   
     901;   901.0000;            0   
     902;   902.0000;            0   
     903;   903.0000;            0   
     904;   904.0000;            0   
     905;   905.0000;            0   
     906;   906.0000;            0   
     907;   907.0000;            0   
     908;   908.0000;            0   
     909;   909.0000;            0   
     910;   910.0000;            0   
     911;   911.0000;            0   
     912;   912.0000;            0   
     913;   913.0000;            0   
     914;   914.0000;            0   
     915;   915.0000;            0   
     916;   916.0000;            0   
     917;   917.0000;            0   
     918;   918.0000;            0   
     919;   919.0000;            0   
     920;   920.0000;            0   
     921;   921.0000;            0   
     922;   922.0000;            0   
     923;   923.0000;            0   
     924;   924.0000;            0   
     925;   925.0000;            0   
     926;   926.0000;            0   
     927;   927.0000;            0   
     928;   928.0000;            0   
     929;   929.0000;            0   
     930;   930.0000;            0   
     931;   931.0000;            0   
     932;   932.0000;            0   
     933;   933.0000;            0   
     934;   934.0000;            0   
     935;   935.0000;            0   
     936;   936.0000;            0   
     937;   937.0000;            0   
     938;   938.0000;            0   
     939;   939.0000;            0   
     940;   940.0000;            0   
     941;   941.0000;            0   
     942;   942.0000;            0   
     943;   943.0000;            0   
     944;   944.0000;            0   
     945;   945.0000;            0   
     946;   946.0000;            0   
     947;   947.0000;            0   
     948;   948.0000;            0   
     949;   949.0000;            0   
     950;   950.0000;            0   
     951;   951.0000;            0   
     952;   952.0000;            0   
     953;   953.0000;            0   
     954;   954.0000;            0   
     955;   955.0000;            0   
     956;   956.0000;            0   
     957;   957.0000;            0   
     958;   958.0000;            0   
     959;   959.0000;            0   
     960;   960.0000;            0   
     961;   961.0000;            0   
     962;   962.0000;            0   
     963;   963.0000;            0   
     964;   964.0000;            0   
     965;   965.0000;            0   
     966;   966.0000;            0   
     967;   967.0000;            0   
     968;   968.0000;            0   
     969;   969.0000;            0   
     970;   970.0000;            0   
     971;   971.0000;            0   
     972;   972.0000;            0   
     973;   973.0000;            0   
     974;   974.0000;            0   
     975;   975.0000;            0   
     976;   976.0000;            0   
     977;   977.0000;            0   
     978;   978.0000;            0   
     979;   979.0000;            0   
     980;   980.0000;            0   
     981;   981.0000;            0   
     982;   982.0000;            0   
     983;   983.0000;            0   
     984;   984.0000;            0   
     985;   985.0000;            0   
     986;   986.0000;            0   
     987;   987.0000;            0   
     988;   988.0000;            0   
     989;   989.0000;            0   
     990;   990.0000;            0   
     991;   991.0000;            0   
     992;   992.0000;            0   
     993;   993.0000;            0   
     994;   994.0000;            0   
     995;   995.0000;            0   
     996;   996.0000;            0   
     997;   997.0000;            0   
     998;   998.0000;            0   
     999;   999.0000;            0   
    1000;  1000.0000;            0   
    1001;  1001.0000;            0   
    1002;  1002.0000;            0   
    1003;  1003.0000;            0   
    1004;  1004.0000;            0   
    1005;  1005.0000;            0   
    1006;  1006.0000;            0   
    1007;  1007.0000;            0   
    1008;  1008.0000;            0   
    1009;  1009.0000;            0   
    1010;  1010.0000;            0   
    1011;  1011.0000;            0   
    1012;  1012.0000;            0   
    1013;  1013.0000;            0   
    1014;  1014.0000;            0   
    1015;  1015.0000;            0   
    1016;  1016.0000;            0   
    1017;  1017.0000;            0   
    1018;  1018.0000;            0   
    1019;  1019.0000;            0   
    1020;  1020.0000;            0   
    1021;  1021.0000;            0   
    1022;  1022.0000;            0   
    1023;  1023.0000;            0   
    1024;  1024.0000;            0   
    1025;  1025.0000;            0   
    1026;  1026.0000;            0   
    1027;  1027.0000;            0   
    1028;  1028.0000;            0   
    1029;  1029.0000;            0   
    1030;  1030.0000;            0   
    1031;  1031.0000;            0   
    1032;  1032.0000;            0   
    1033;  1033.0000;            0   
    1034;  1034.0000;            0   
    1035;  1035.0000;            0   
    1036;  1036.0000;            0   
    1037;  1037.0000;            0   
    1038;  1038.0000;            0   
    1039;  1039.0000;            0   
    1040;  1040.0000;            1   
    1041;  1041.0000;            0   
    1042;  1042.0000;            0   
    1043;  1043.0000;            0   
    1044;  1044.0000;            0   
    1045;  1045.0000;            0   
    1046;  1046.0000;            0   
    1047;  1047.0000;            0   
    1048;  1048.0000;            0   
    1049;  1049.0000;            0   
    1050;  1050.0000;            0   
    1051;  1051.0000;            0   
    1052;  1052.0000;            0   
    1053;  1053.0000;            0   
    1054;  1054.0000;            0   
    1055;  1055.0000;            0   
    1056;  1056.0000;            0   
    1057;  1057.0000;            0   
    1058;  1058.0000;            0   
    1059;  1059.0000;            0   
    1060;  1060.0000;            0   
    1061;  1061.0000;            0   
    1062;  1062.0000;            0   
    1063;  1063.0000;            0   
    1064;  1064.0000;            0   
    1065;  1065.0000;            0   
    1066;  1066.0000;            0   
    1067;  1067.0000;            0   
    1068;  1068.0000;            0   
    1069;  1069.0000;            0   
    1070;  1070.0000;            0   
    1071;  1071.0000;            0   
    1072;  1072.0000;            0   
    1073;  1073.0000;            0   
    1074;  1074.0000;            0   
    1075;  1075.0000;            0   
    1076;  1076.0000;            0   
    1077;  1077.0000;            0   
    1078;  1078.0000;            0   
    1079;  1079.0000;            0   
    1080;  1080.0000;            0   
    1081;  1081.0000;            0   
    1082;  1082.0000;            0   
    1083;  1083.0000;            0   
    1084;  1084.0000;            0   
    1085;  1085.0000;            0   
    1086;  1086.0000;            0   
    1087;  1087.0000;            0   
    1088;  1088.0000;            0   
    1089;  1089.0000;            0   
    1090;  1090.0000;            0   
    1091;  1091.0000;            0   
    1092;  1092.0000;            0   
    1093;  1093.0000;            0   
    1094;  1094.0000;            0   
    1095;  1095.0000;            0   
    1096;  1096.0000;            0   
    1097;  1097.0000;            0   
    1098;  1098.0000;            0   
    1099;  1099.0000;            0   
    1100;  1100.0000;            0   
    1101;  1101.0000;            0   
    1102;  1102.0000;            0   
    1103;  1103.0000;            0   
    1104;  1104.0000;            0   
    1105;  1105.0000;            0   
    1106;  1106.0000;            0   
    1107;  1107.0000;            0   
    1108;  1108.0000;            0   
    1109;  1109.0000;            0   
    1110;  1110.0000;            0   
    1111;  1111.0000;            0   
    1112;  1112.0000;            0   
    1113;  1113.0000;            0   
    1114;  1114.0000;            0   
    1115;  1115.0000;            0   
    1116;  1116.0000;            0   
    1117;  1117.0000;            0   
    1118;  1118.0000;            0   
    1119;  1119.0000;            0   
    1120;  1120.0000;            0   
    1121;  1121.0000;            0   
    1122;  1122.0000;            0   
    1123;  1123.0000;            0   
    1124;  1124.0000;            0   
    1125;  1125.0000;            0   
    1126;  1126.0000;            0   
    1127;  1127.0000;            0   
    1128;  1128.0000;            0   
    1129;  1129.0000;            0   
    1130;  1130.0000;            0   
    1131;  1131.0000;            0   
    1132;  1132.0000;            0   
    1133;  1133.0000;            0   
    1134;  1134.0000;            0   
    1135;  1135.0000;            0   
    1136;  1136.0000;            0   
    1137;  1137.0000;            0   
    1138;  1138.0000;            0   
    1139;  1139.0000;            0   
    1140;  1140.0000;            0   
    1141;  1141.0000;            0   
    1142;  1142.0000;            0   
    1143;  1143.0000;            0   
    1144;  1144.0000;            0   
    1145;  1145.0000;            0   
    1146;  1146.0000;            0   
    1147;  1147.0000;            0   
    1148;  1148.0000;            0   
    1149;  1149.0000;            0   
    1150;  1150.0000;            0   
    1151;  1151.0000;            0   
    1152;  1152.0000;            0   
    1153;  1153.0000;            0   
    1154;  1154.0000;            0   
    1155;  1155.0000;            0   
    1156;  1156.0000;            0   
    1157;  1157.0000;            0   
    1158;  1158.0000;            0   
    1159;  1159.0000;            0   
    1160;  1160.0000;            0   
    1161;  1161.0000;            0   
    1162;  1162.0000;            0   
    1163;  1163.0000;            0   
    1164;  1164.0000;            0   
    1165;  1165.0000;            0   
    1166;  1166.0000;            0   
    1167;  1167.0000;            0   
    1168;  1168.0000;            0   
    1169;  1169.0000;            0   
    1170;  1170.0000;            0   
    1171;  1171.0000;            0   
    1172;  1172.0000;            0   
    1173;  1173.0000;            0   
    1174;  1174.0000;            0   
    1175;  1175.0000;            0   
    1176;  1176.0000;            0   
    1177;  1177.0000;            0   
    1178;  1178.0000;            0   
    1179;  1179.0000;            0   
    1180;  1180.0000;            0   
    1181;  1181.0000;            0   
    1182;  1182.0000;            0   
    1183;  1183.0000;            0   
    1184;  1184.0000;            0   
    1185;  1185.0000;            0   
    1186;  1186.0000;            0   
    1187;  1187.0000;            0   
    1188;  1188.0000;            0   
    1189;  1189.0000;            0   
    1190;  1190.0000;            0   
    1191;  1191.0000;            0   
    1192;  1192.0000;            0   
    1193;  1193.0000;            0   
    1194;  1194.0000;            0   
    1195;  1195.0000;            0   
    1196;  1196.0000;            0   
    1197;  1197.0000;            0   
    1198;  1198.0000;            0   
    1199;  1199.0000;            0   
    1200;  1200.0000;            0   
    1201;  1201.0000;            0   
    1202;  1202.0000;            0   
    1203;  1203.0000;            0   
    1204;  1204.0000;            0   
    1205;  1205.0000;            0   
    1206;  1206.0000;            0   
    1207;  1207.0000;            0   
    1208;  1208.0000;            0   
    1209;  1209.0000;            0   
    1210;  1210.0000;            0   
    1211;  1211.0000;            0   
    1212;  1212.0000;            0   
    1213;  1213.0000;            0   
    1214;  1214.0000;            0   
    1215;  1215.0000;            0   
    1216;  1216.0000;            0   
    1217;  1217.0000;            0   
    1218;  1218.0000;            0   
    1219;  1219.0000;            0   
    1220;  1220.0000;            0   
    1221;  1221.0000;            0   
    1222;  1222.0000;            0   
    1223;  1223.0000;            0   
    1224;  1224.0000;            0   
    1225;  1225.0000;            0   
    1226;  1226.0000;            0   
    1227;  1227.0000;            0   
    1228;  1228.0000;            0   
    1229;  1229.0000;            0   
    1230;  1230.0000;            0   
    1231;  1231.0000;            0   
    1232;  1232.0000;            0   
    1233;  1233.0000;            0   
    1234;  1234.0000;            0   
    1235;  1235.0000;            0   
    1236;  1236.0000;            0   
    1237;  1237.0000;            0   
    1238;  1238.0000;            0   
    1239;  1239.0000;            0   
    1240;  1240.0000;            0   
    1241;  1241.0000;            0   
    1242;  1242.0000;            0   
    1243;  1243.0000;            0   
    1244;  1244.0000;            0   
    1245;  1245.0000;            0   
    1246;  1246.0000;            0   
    1247;  1247.0000;            0   
    1248;  1248.0000;            0   
    1249;  1249.0000;            0   
    1250;  1250.0000;            0   
    1251;  1251.0000;            0   
    1252;  1252.0000;            0   
    1253;  1253.0000;            0   
    1254;  1254.0000;            0   
    1255;  1255.0000;            0   
    1256;  1256.0000;            0   
    1257;  1257.0000;            0   
    1258;  1258.0000;            0   
    1259;  1259.0000;            0   
    1260;  1260.0000;            0   
    1261;  1261.0000;            0   
    1262;  1262.0000;            0   
    1263;  1263.0000;            0   
    1264;  1264.0000;            0   
    1265;  1265.0000;            0   
    1266;  1266.0000;            0   
    1267;  1267.0000;            0   
    1268;  1268.0000;            0   
    1269;  1269.0000;            0   
    1270;  1270.0000;            0   
    1271;  1271.0000;            0   
    1272;  1272.0000;            0   
    1273;  1273.0000;            0   
    1274;  1274.0000;            0   
    1275;  1275.0000;            0   
    1276;  1276.0000;            0   
    1277;  1277.0000;            0   
    1278;  1278.0000;            0   
    1279;  1279.0000;            0   
    1280;  1280.0000;            0   
    1281;  1281.0000;            0   
    1282;  1282.0000;            0   
    1283;  1283.0000;            0   
    1284;  1284.0000;            0   
    1285;  1285.0000;            0   
    1286;  1286.0000;            0   
    1287;  1287.0000;            0   
    1288;  1288.0000;            0   
    1289;  1289.0000;            0   
    1290;  1290.0000;            0   
    1291;  1291.0000;            0   
    1292;  1292.0000;            0   
    1293;  1293.0000;            0   
    1294;  1294.0000;            0   
    1295;  1295.0000;            0   
    1296;  1296.0000;            0   
    1297;  1297.0000;            0   
    1298;  1298.0000;            0   
    1299;  1299.0000;            0   
    1300;  1300.0000;            0   
    1301;  1301.0000;            0   
    1302;  1302.0000;            0   
    1303;  1303.0000;            0   
    1304;  1304.0000;            0   
    1305;  1305.0000;            0   
    1306;  1306.0000;            0   
    1307;  1307.0000;            0   
    1308;  1308.0000;            0   
    1309;  1309.0000;            0   
    1310;  1310.0000;            0   
    1311;  1311.0000;            0   
    1312;  1312.0000;            0   
    1313;  1313.0000;            0   
    1314;  1314.0000;            0   
    1315;  1315.0000;            0   
    1316;  1316.0000;            0   
    1317;  1317.0000;            0   
    1318;  1318.0000;            0   
    1319;  1319.0000;            0   
    1320;  1320.0000;            0   
    1321;  1321.0000;            0   
    1322;  1322.0000;            0   
    1323;  1323.0000;            0   
    1324;  1324.0000;            0   
    1325;  1325.0000;            0   
    1326;  1326.0000;            0   
    1327;  1327.0000;            0   
    1328;  1328.0000;            0   
    1329;  1329.0000;            0   
    1330;  1330.0000;            0   
    1331;  1331.0000;            0   
    1332;  1332.0000;            0   
    1333;  1333.0000;            0   
    1334;  1334.0000;            0   
    1335;  1335.0000;            0   
    1336;  1336.0000;            0   
    1337;  1337.0000;            0   
    1338;  1338.0000;            0   
    1339;  1339.0000;            0   
    1340;  1340.0000;            0   
    1341;  1341.0000;            0   
    1342;  1342.0000;            0   
    1343;  1343.0000;            0   
    1344;  1344.0000;            0   
    1345;  1345.0000;            0   
    1346;  1346.0000;            0   
    1347;  1347.0000;            0   
    1348;  1348.0000;            0   
    1349;  1349.0000;            0   
    1350;  1350.0000;            0   
    1351;  1351.0000;            0   
    1352;  1352.0000;            0   
    1353;  1353.0000;            0   
    1354;  1354.0000;            0   
    1355;  1355.0000;            0   
    1356;  1356.0000;            0   
    1357;  1357.0000;            0   
    1358;  1358.0000;            0   
    1359;  1359.0000;            0   
    1360;  1360.0000;            0   
    1361;  1361.0000;            0   
    1362;  1362.0000;            0   
    1363;  1363.0000;            0   
    1364;  1364.0000;            0   
    1365;  1365.0000;            0   
    1366;  1366.0000;            0   
    1367;  1367.0000;            0   
    1368;  1368.0000;            0   
    1369;  1369.0000;            0   
    1370;  1370.0000;            0   
    1371;  1371.0000;            0   
    1372;  1372.0000;            0   
    1373;  1373.0000;            0   
    1374;  1374.0000;            0   
    1375;  1375.0000;            0   
    1376;  1376.0000;            0   
    1377;  1377.0000;            0   
    1378;  1378.0000;            0   
    1379;  1379.0000;            0   
    1380;  1380.0000;            0   
    1381;  1381.0000;            0   
    1382;  1382.0000;            0   
    1383;  1383.0000;            0   
    1384;  1384.0000;            0   
    1385;  1385.0000;            0   
    1386;  1386.0000;            0   
    1387;  1387.0000;            0   
    1388;  1388.0000;            0   
    1389;  1389.0000;            0   
    1390;  1390.0000;            0   
    1391;  1391.0000;            0   
    1392;  1392.0000;            0   
    1393;  1393.0000;            0   
    1394;  1394.0000;            0   
    1395;  1395.0000;            0   
    1396;  1396.0000;            0   
    1397;  1397.0000;            0   
    1398;  1398.0000;            0   
    1399;  1399.0000;            0   
    1400;  1400.0000;            0   
    1401;  1401.0000;            0   
    1402;  1402.0000;            0   
    1403;  1403.0000;            0   
    1404;  1404.0000;            0   
    1405;  1405.0000;            0   
    1406;  1406.0000;            0   
    1407;  1407.0000;            0   
    1408;  1408.0000;            0   
    1409;  1409.0000;            0   
    1410;  1410.0000;            0   
    1411;  1411.0000;            0   
    1412;  1412.0000;            0   
    1413;  1413.0000;            0   
    1414;  1414.0000;            0   
    1415;  1415.0000;            0   
    1416;  1416.0000;            0   
    1417;  1417.0000;            0   
    1418;  1418.0000;            0   
    1419;  1419.0000;            0   
    1420;  1420.0000;            0   
    1421;  1421.0000;            0   
    1422;  1422.0000;            0   
    1423;  1423.0000;            0   
    1424;  1424.0000;            0   
    1425;  1425.0000;            0   
    1426;  1426.0000;            0   
    1427;  1427.0000;            0   
    1428;  1428.0000;            0   
    1429;  1429.0000;            0   
    1430;  1430.0000;            0   
    1431;  1431.0000;            0   
    1432;  1432.0000;            0   
    1433;  1433.0000;            0   
    1434;  1434.0000;            0   
    1435;  1435.0000;            0   
    1436;  1436.0000;            0   
    1437;  1437.0000;            0   
    1438;  1438.0000;            0   
    1439;  1439.0000;            0   
    1440;  1440.0000;            0   
    1441;  1441.0000;            0   
    1442;  1442.0000;            0   
    1443;  1443.0000;            0   
    1444;  1444.0000;            0   
    1445;  1445.0000;            0   
    1446;  1446.0000;            0   
    1447;  1447.0000;            0   
    1448;  1448.0000;            0   
    1449;  1449.0000;            0   
    1450;  1450.0000;            0   
    1451;  1451.0000;            0   
    1452;  1452.0000;            0   
    1453;  1453.0000;            0   
    1454;  1454.0000;            0   
    1455;  1455.0000;            0   
    1456;  1456.0000;            0   
    1457;  1457.0000;            0   
    1458;  1458.0000;            0   
    1459;  1459.0000;            0   
    1460;  1460.0000;            0   
    1461;  1461.0000;            0   
    1462;  1462.0000;            0   
    1463;  1463.0000;            0   
    1464;  1464.0000;            0   
    1465;  1465.0000;            0   
    1466;  1466.0000;            0   
    1467;  1467.0000;            0   
    1468;  1468.0000;            0   
    1469;  1469.0000;            0   
    1470;  1470.0000;            0   
    1471;  1471.0000;            0   
    1472;  1472.0000;            0   
    1473;  1473.0000;            0   
    1474;  1474.0000;            0   
    1475;  1475.0000;            0   
    1476;  1476.0000;            0   
    1477;  1477.0000;            0   
    1478;  1478.0000;            0   
    1479;  1479.0000;            0   
    1480;  1480.0000;            0   
    1481;  1481.0000;            0   
    1482;  1482.0000;            0   
    1483;  1483.0000;            0   
    1484;  1484.0000;            0   
    1485;  1485.0000;            0   
    1486;  1486.0000;            0   
    1487;  1487.0000;            0   
    1488;  1488.0000;            0   
    1489;  1489.0000;            0   
    1490;  1490.0000;            0   
    1491;  1491.0000;            0   
    1492;  1492.0000;            0   
    1493;  1493.0000;            0   
    1494;  1494.0000;            0   
    1495;  1495.0000;            0   
    1496;  1496.0000;            0   
    1497;  1497.0000;            0   
    1498;  1498.0000;            0   
    1499;  1499.0000;            0   
    1500;  1500.0000;            0   
    1501;  1501.0000;            0   
    1502;  1502.0000;            0   
    1503;  1503.0000;            0   
    1504;  1504.0000;            0   
    1505;  1505.0000;            0   
    1506;  1506.0000;            0   
    1507;  1507.0000;            0   
    1508;  1508.0000;            0   
    1509;  1509.0000;            0   
    1510;  1510.0000;            0   
    1511;  1511.0000;            0   
    1512;  1512.0000;            0   
    1513;  1513.0000;            0   
    1514;  1514.0000;            0   
    1515;  1515.0000;            0   
    1516;  1516.0000;            0   
    1517;  1517.0000;            0   
    1518;  1518.0000;            0   
    1519;  1519.0000;            0   
    1520;  1520.0000;            0   
    1521;  1521.0000;            0   
    1522;  1522.0000;            0   
    1523;  1523.0000;            0   
    1524;  1524.0000;            0   
    1525;  1525.0000;            0   
    1526;  1526.0000;            0   
    1527;  1527.0000;            0   
    1528;  1528.0000;            0   
    1529;  1529.0000;            0   
    1530;  1530.0000;            0   
    1531;  1531.0000;            0   
    1532;  1532.0000;            0   
    1533;  1533.0000;            0   
    1534;  1534.0000;            0   
    1535;  1535.0000;            0   
    1536;  1536.0000;            0   
    1537;  1537.0000;            0   
    1538;  1538.0000;            0   
    1539;  1539.0000;            0   
    1540;  1540.0000;            0   
    1541;  1541.0000;            0   
    1542;  1542.0000;            0   
    1543;  1543.0000;            0   
    1544;  1544.0000;            0   
    1545;  1545.0000;            0   
    1546;  1546.0000;            0   
    1547;  1547.0000;            0   
    1548;  1548.0000;            0   
    1549;  1549.0000;            0   
    1550;  1550.0000;            0   
    1551;  1551.0000;            0   
    1552;  1552.0000;            0   
    1553;  1553.0000;            0   
    1554;  1554.0000;            0   
    1555;  1555.0000;            0   
    1556;  1556.0000;            0   
    1557;  1557.0000;            0   
    1558;  1558.0000;            0   
    1559;  1559.0000;            0   
    1560;  1560.0000;            0   
    1561;  1561.0000;            0   
    1562;  1562.0000;            0   
    1563;  1563.0000;            0   
    1564;  1564.0000;            0   
    1565;  1565.0000;            0   
    1566;  1566.0000;            0   
    1567;  1567.0000;            0   
    1568;  1568.0000;            0   
    1569;  1569.0000;            0   
    1570;  1570.0000;            0   
    1571;  1571.0000;            0   
    1572;  1572.0000;            0   
    1573;  1573.0000;            0   
    1574;  1574.0000;            0   
    1575;  1575.0000;            0   
    1576;  1576.0000;            0   
    1577;  1577.0000;            0   
    1578;  1578.0000;            0   
    1579;  1579.0000;            0   
    1580;  1580.0000;            0   
    1581;  1581.0000;            0   
    1582;  1582.0000;            0   
    1583;  1583.0000;            0   
    1584;  1584.0000;            0   
    1585;  1585.0000;            0   
    1586;  1586.0000;            0   
    1587;  1587.0000;            0   
    1588;  1588.0000;            0   
    1589;  1589.0000;            0   
    1590;  1590.0000;            0   
    1591;  1591.0000;            0   
    1592;  1592.0000;            0   
    1593;  1593.0000;            0   
    1594;  1594.0000;            0   
    1595;  1595.0000;            0   
    1596;  1596.0000;            0   
    1597;  1597.0000;            0   
    1598;  1598.0000;            0   
    1599;  1599.0000;            0   
    1600;  1600.0000;            0   
    1601;  1601.0000;            0   
    1602;  1602.0000;            0   
    1603;  1603.0000;            0   
    1604;  1604.0000;            0   
    1605;  1605.0000;            0   
    1606;  1606.0000;            0   
    1607;  1607.0000;            0   
    1608;  1608.0000;            0   
    1609;  1609.0000;            0   
    1610;  1610.0000;            0   
    1611;  1611.0000;            0   
    1612;  1612.0000;            0   
    1613;  1613.0000;            0   
    1614;  1614.0000;            0   
    1615;  1615.0000;            0   
    1616;  1616.0000;            0   
    1617;  1617.0000;            0   
    1618;  1618.0000;            0   
    1619;  1619.0000;            0   
    1620;  1620.0000;            0   
    1621;  1621.0000;            0   
    1622;  1622.0000;            0   
    1623;  1623.0000;            0   
    1624;  1624.0000;            0   
    1625;  1625.0000;            0   
    1626;  1626.0000;            0   
    1627;  1627.0000;            0   
    1628;  1628.0000;            0   
    1629;  1629.0000;            0   
    1630;  1630.0000;            0   
    1631;  1631.0000;            0   
    1632;  1632.0000;            0   
    1633;  1633.0000;            0   
    1634;  1634.0000;            0   
    1635;  1635.0000;            0   
    1636;  1636.0000;            0   
    1637;  1637.0000;            0   
    1638;  1638.0000;            0   
    1639;  1639.0000;            0   
    1640;  1640.0000;            0   
    1641;  1641.0000;            0   
    1642;  1642.0000;            0   
    1643;  1643.0000;            0   
    1644;  1644.0000;            0   
    1645;  1645.0000;            0   
    1646;  1646.0000;            0   
    1647;  1647.0000;            0   
    1648;  1648.0000;            0   
    1649;  1649.0000;            0   
    1650;  1650.0000;            0   
    1651;  1651.0000;            0   
    1652;  1652.0000;            0   
    1653;  1653.0000;            0   
    1654;  1654.0000;            0   
    1655;  1655.0000;            0   
    1656;  1656.0000;            0   
    1657;  1657.0000;            0   
    1658;  1658.0000;            0   
    1659;  1659.0000;            0   
    1660;  1660.0000;            0   
    1661;  1661.0000;            0   
    1662;  1662.0000;            0   
    1663;  1663.0000;            0   
    1664;  1664.0000;            0   
    1665;  1665.0000;            0   
    1666;  1666.0000;            0   
    1667;  1667.0000;            0   
    1668;  1668.0000;            0   
    1669;  1669.0000;            0   
    1670;  1670.0000;            0   
    1671;  1671.0000;            0   
    1672;  1672.0000;            0   
    1673;  1673.0000;            0   
    1674;  1674.0000;            0   
    1675;  1675.0000;            0   
    1676;  1676.0000;            0   
    1677;  1677.0000;            0   
    1678;  1678.0000;            0   
    1679;  1679.0000;            0   
    1680;  1680.0000;            0   
    1681;  1681.0000;            0   
    1682;  1682.0000;            0   
    1683;  1683.0000;            0   
    1684;  1684.0000;            0   
    1685;  1685.0000;            0   
    1686;  1686.0000;            0   
    1687;  1687.0000;            0   
    1688;  1688.0000;            0   
    1689;  1689.0000;            0   
    1690;  1690.0000;            0   
    1691;  1691.0000;            0   
    1692;  1692.0000;            0   
    1693;  1693.0000;            0   
    1694;  1694.0000;            0   
    1695;  1695.0000;            0   
    1696;  1696.0000;            0   
    1697;  1697.0000;            0   
    1698;  1698.0000;            0   
    1699;  1699.0000;            0   
    1700;  1700.0000;            0   
    1701;  1701.0000;            0   
    1702;  1702.0000;            0   
    1703;  1703.0000;            0   
    1704;  1704.0000;            0   
    1705;  1705.0000;            0   
    1706;  1706.0000;            0   
    1707;  1707.0000;            0   
    1708;  1708.0000;            0   
    1709;  1709.0000;            0   
    1710;  1710.0000;            0   
    1711;  1711.0000;            0   
    1712;  1712.0000;            0   
    1713;  1713.0000;            0   
    1714;  1714.0000;            0   
    1715;  1715.0000;            0   
    1716;  1716.0000;            0   
    1717;  1717.0000;            0   
    1718;  1718.0000;            0   
    1719;  1719.0000;            0   
    1720;  1720.0000;            0   
    1721;  1721.0000;            0   
    1722;  1722.0000;            0   
    1723;  1723.0000;            0   
    1724;  1724.0000;            0   
    1725;  1725.0000;            0   
    1726;  1726.0000;            0   
    1727;  1727.0000;            0   
    1728;  1728.0000;            0   
    1729;  1729.0000;            0   
    1730;  1730.0000;            0   
    1731;  1731.0000;            0   
    1732;  1732.0000;            0   
    1733;  1733.0000;            0   
    1734;  1734.0000;            0   
    1735;  1735.0000;            0   
    1736;  1736.0000;            0   
    1737;  1737.0000;            0   
    1738;  1738.0000;            0   
    1739;  1739.0000;            0   
    1740;  1740.0000;            0   
    1741;  1741.0000;            0   
    1742;  1742.0000;            0   
    1743;  1743.0000;            0   
    1744;  1744.0000;            0   
    1745;  1745.0000;            0   
    1746;  1746.0000;            0   
    1747;  1747.0000;            0   
    1748;  1748.0000;            0   
    1749;  1749.0000;            0   
    1750;  1750.0000;            0   
    1751;  1751.0000;            0   
    1752;  1752.0000;            0   
    1753;  1753.0000;            0   
    1754;  1754.0000;            0   
    1755;  1755.0000;            0   
    1756;  1756.0000;            0   
    1757;  1757.0000;            0   
    1758;  1758.0000;            0   
    1759;  1759.0000;            0   
    1760;  1760.0000;            0   
    1761;  1761.0000;            0   
    1762;  1762.0000;            0   
    1763;  1763.0000;            0   
    1764;  1764.0000;            0   
    1765;  1765.0000;            0   
    1766;  1766.0000;            0   
    1767;  1767.0000;            0   
    1768;  1768.0000;            0   
    1769;  1769.0000;            0   
    1770;  1770.0000;            0   
    1771;  1771.0000;            0   
    1772;  1772.0000;            0   
    1773;  1773.0000;            0   
    1774;  1774.0000;            0   
    1775;  1775.0000;            0   
    1776;  1776.0000;            0   
    1777;  1777.0000;            0   
    1778;  1778.0000;            0   
    1779;  1779.0000;            0   
    1780;  1780.0000;            0   
    1781;  1781.0000;            0   
    1782;  1782.0000;            0   
    1783;  1783.0000;            0   
    1784;  1784.0000;            0   
    1785;  1785.0000;            0   
    1786;  1786.0000;            0   
    1787;  1787.0000;            0   
    1788;  1788.0000;            0   
    1789;  1789.0000;            0   
    1790;  1790.0000;            0   
    1791;  1791.0000;            0   
    1792;  1792.0000;            0   
    1793;  1793.0000;            0   
    1794;  1794.0000;            0   
    1795;  1795.0000;            0   
    1796;  1796.0000;            0   
    1797;  1797.0000;            0   
    1798;  1798.0000;            0   
    1799;  1799.0000;            0   
    1800;  1800.0000;            0   
    1801;  1801.0000;            0   
    1802;  1802.0000;            0   
    1803;  1803.0000;            0   
    1804;  1804.0000;            0   
    1805;  1805.0000;            0   
    1806;  1806.0000;            0   
    1807;  1807.0000;            0   
    1808;  1808.0000;            0   
    1809;  1809.0000;            0   
    1810;  1810.0000;            0   
    1811;  1811.0000;            0   
    1812;  1812.0000;            0   
    1813;  1813.0000;            0   
    1814;  1814.0000;            0   
    1815;  1815.0000;            0   
    1816;  1816.0000;            0   
    1817;  1817.0000;            0   
    1818;  1818.0000;            0   
    1819;  1819.0000;            0   
    1820;  1820.0000;            0   
    1821;  1821.0000;            0   
    1822;  1822.0000;            0   
    1823;  1823.0000;            0   
    1824;  1824.0000;            0   
    1825;  1825.0000;            0   
    1826;  1826.0000;            0   
    1827;  1827.0000;            0   
    1828;  1828.0000;            0   
    1829;  1829.0000;            0   
    1830;  1830.0000;            0   
    1831;  1831.0000;            0   
    1832;  1832.0000;            0   
    1833;  1833.0000;            0   
    1834;  1834.0000;            0   
    1835;  1835.0000;            0   
    1836;  1836.0000;            0   
    1837;  1837.0000;            0   
    1838;  1838.0000;            0   
    1839;  1839.0000;            0   
    1840;  1840.0000;            0   
    1841;  1841.0000;            0   
    1842;  1842.0000;            0   
    1843;  1843.0000;            0   
    1844;  1844.0000;            0   
    1845;  1845.0000;            0   
    1846;  1846.0000;            0   
    1847;  1847.0000;            0   
    1848;  1848.0000;            0   
    1849;  1849.0000;            0   
    1850;  1850.0000;            0   
    1851;  1851.0000;            0   
    1852;  1852.0000;            0   
    1853;  1853.0000;            0   
    1854;  1854.0000;            0   
    1855;  1855.0000;            0   
    1856;  1856.0000;            0   
    1857;  1857.0000;            0   
    1858;  1858.0000;            0   
    1859;  1859.0000;            0   
    1860;  1860.0000;            0   
    1861;  1861.0000;            0   
    1862;  1862.0000;            0   
    1863;  1863.0000;            0   
    1864;  1864.0000;            0   
    1865;  1865.0000;            0   
    1866;  1866.0000;            0   
    1867;  1867.0000;            0   
    1868;  1868.0000;            0   
    1869;  1869.0000;            0   
    1870;  1870.0000;            0   
    1871;  1871.0000;            0   
    1872;  1872.0000;            0   
    1873;  1873.0000;            0   
    1874;  1874.0000;            0   
    1875;  1875.0000;            0   
    1876;  1876.0000;            0   
    1877;  1877.0000;            0   
    1878;  1878.0000;            0   
    1879;  1879.0000;            0   
    1880;  1880.0000;            0   
    1881;  1881.0000;            0   
    1882;  1882.0000;            0   
    1883;  1883.0000;            0   
    1884;  1884.0000;            0   
    1885;  1885.0000;            0   
    1886;  1886.0000;            0   
    1887;  1887.0000;            0   
    1888;  1888.0000;            0   
    1889;  1889.0000;            0   
    1890;  1890.0000;            0   
    1891;  1891.0000;            0   
    1892;  1892.0000;            0   
    1893;  1893.0000;            0   
    1894;  1894.0000;            0   
    1895;  1895.0000;            0   
    1896;  1896.0000;            0   
    1897;  1897.0000;            0   
    1898;  1898.0000;            0   
    1899;  1899.0000;            0   
    1900;  1900.0000;            0   
    1901;  1901.0000;            0   
    1902;  1902.0000;            0   
    1903;  1903.0000;            0   
    1904;  1904.0000;            0   
    1905;  1905.0000;            0   
    1906;  1906.0000;            0   
    1907;  1907.0000;            0   
    1908;  1908.0000;            0   
    1909;  1909.0000;            0   
    1910;  1910.0000;            0   
    1911;  1911.0000;            0   
    1912;  1912.0000;            0   
    1913;  1913.0000;            0   
    1914;  1914.0000;            0   
    1915;  1915.0000;            0   
    1916;  1916.0000;            0   
    1917;  1917.0000;            0   
    1918;  1918.0000;            0   
    1919;  1919.0000;            0   
    1920;  1920.0000;            0   
    1921;  1921.0000;            0   
    1922;  1922.0000;            0   
    1923;  1923.0000;            0   
    1924;  1924.0000;            0   
    1925;  1925.0000;            0   
    1926;  1926.0000;            0   
    1927;  1927.0000;            0   
    1928;  1928.0000;            0   
    1929;  1929.0000;            0   
    1930;  1930.0000;            0   
    1931;  1931.0000;            0   
    1932;  1932.0000;            0   
    1933;  1933.0000;            0   
    1934;  1934.0000;            0   
    1935;  1935.0000;            0   
    1936;  1936.0000;            0   
    1937;  1937.0000;            0   
    1938;  1938.0000;            0   
    1939;  1939.0000;            0   
    1940;  1940.0000;            0   
    1941;  1941.0000;            0   
    1942;  1942.0000;            0   
    1943;  1943.0000;            0   
    1944;  1944.0000;            0   
    1945;  1945.0000;            0   
    1946;  1946.0000;            0   
    1947;  1947.0000;            0   
    1948;  1948.0000;            0   
    1949;  1949.0000;            0   
    1950;  1950.0000;            0   
    1951;  1951.0000;            0   
    1952;  1952.0000;            0   
    1953;  1953.0000;            0   
    1954;  1954.0000;            0   
    1955;  1955.0000;            0   
    1956;  1956.0000;            0   
    1957;  1957.0000;            0   
    1958;  1958.0000;            0   
    1959;  1959.0000;            0   
    1960;  1960.0000;            0   
    1961;  1961.0000;            0   
    1962;  1962.0000;            0   
    1963;  1963.0000;            0   
    1964;  1964.0000;            0   
    1965;  1965.0000;            0   
    1966;  1966.0000;            0   
    1967;  1967.0000;            0   
    1968;  1968.0000;            0   
    1969;  1969.0000;            0   
    1970;  1970.0000;            0   
    1971;  1971.0000;            0   
    1972;  1972.0000;            0   
    1973;  1973.0000;            0   
    1974;  1974.0000;            0   
    1975;  1975.0000;            0   
    1976;  1976.0000;            0   
    1977;  1977.0000;            0   
    1978;  1978.0000;            0   
    1979;  1979.0000;            0   
    1980;  1980.0000;            0   
    1981;  1981.0000;            0   
    1982;  1982.0000;            0   
    1983;  1983.0000;            0   
    1984;  1984.0000;            0   
    1985;  1985.0000;            0   
    1986;  1986.0000;            0   
    1987;  1987.0000;            0   
    1988;  1988.0000;            0   
    1989;  1989.0000;            0   
    1990;  1990.0000;            0   
    1991;  1991.0000;            0   
    1992;  1992.0000;            0   
    1993;  1993.0000;            0   
    1994;  1994.0000;            0   
    1995;  1995.0000;            0   
    1996;  1996.0000;            0   
    1997;  1997.0000;            0   
    1998;  1998.0000;            0   
    1999;  1999.0000;            0   
    2000;  2000.0000;            0   
    2001;  2001.0000;            0   
    2002;  2002.0000;            0   
    2003;  2003.0000;            0   
    2004;  2004.0000;            0   
    2005;  2005.0000;            0   
    2006;  2006.0000;            0   
    2007;  2007.0000;            0   
    2008;  2008.0000;            0   
    2009;  2009.0000;            0   
    2010;  2010.0000;            0   
    2011;  2011.0000;            0   
    2012;  2012.0000;            0   
    2013;  2013.0000;            0   
    2014;  2014.0000;            0   
    2015;  2015.0000;            0   
    2016;  2016.0000;            0   
    2017;  2017.0000;            0   
    2018;  2018.0000;            0   
    2019;  2019.0000;            0   
    2020;  2020.0000;            0   
    2021;  2021.0000;            0   
    2022;  2022.0000;            0   
    2023;  2023.0000;            0   
    2024;  2024.0000;            0   
    2025;  2025.0000;            0   
    2026;  2026.0000;            0   
    2027;  2027.0000;            0   
    2028;  2028.0000;            0   
    2029;  2029.0000;            0   
    2030;  2030.0000;            0   
    2031;  2031.0000;            0   
    2032;  2032.0000;            0   
    2033;  2033.0000;            0   
    2034;  2034.0000;            0   
    2035;  2035.0000;            0   
    2036;  2036.0000;            0   
    2037;  2037.0000;            0   
    2038;  2038.0000;            0   
    2039;  2039.0000;            0   
    2040;  2040.0000;            0   
    2041;  2041.0000;            0   
    2042;  2042.0000;            0   
    2043;  2043.0000;            0   
    2044;  2044.0000;            0   
    2045;  2045.0000;            0   
    2046;  2046.0000;            0   
    2047;  2047.0000;            0   
    2048;  2048.0000;            0   
